{"cameraMode":{"drawMode":0,"name":"Shaded","section":"Shading Mode"},"sceneLighting":false,"audioPlay":false,"sceneViewState":{"m_AlwaysRefresh":true,"showFog":true,"showSkybox":false,"showFlares":true,"showImageEffects":true,"showParticleSystems":true,"showVisualEffectGraphs":true,"m_FxEnabled":true},"in2DMode":false,"pivot":{"x":-2.9330813884735109,"y":13.239032745361329,"z":-63.60031509399414},"rotation":{"x":0.030196350067853929,"y":0.9682908654212952,"z":-0.2012353092432022,"w":0.14548934996128083},"size":70.45135498046875,"orthographic":false}