{"cameraMode":{"drawMode":0,"name":"Shaded","section":"Shading Mode"},"sceneLighting":false,"audioPlay":false,"sceneViewState":{"m_AlwaysRefresh":true,"showFog":true,"showSkybox":false,"showFlares":true,"showImageEffects":true,"showParticleSystems":true,"showVisualEffectGraphs":true,"m_FxEnabled":true},"in2DMode":false,"pivot":{"x":-23.05830955505371,"y":8.382423400878907,"z":25.67502784729004},"rotation":{"x":0.14730602502822877,"y":0.026702003553509713,"z":-0.003978230524808168,"w":0.9887222647666931},"size":38.15115737915039,"orthographic":false}