{"cameraMode":{"drawMode":0,"name":"Shaded","section":"Shading Mode"},"sceneLighting":false,"audioPlay":false,"sceneViewState":{"m_AlwaysRefresh":false,"showFog":true,"showSkybox":false,"showFlares":true,"showImageEffects":true,"showParticleSystems":true,"showVisualEffectGraphs":true,"m_FxEnabled":true},"in2DMode":false,"pivot":{"x":18.917001724243165,"y":4.19799280166626,"z":5.6374311447143559},"rotation":{"x":-0.022370506078004838,"y":-0.9701493978500366,"z":0.22051244974136353,"w":-0.09841926395893097},"size":44.408321380615237,"orthographic":true}