{"cameraMode":{"drawMode":0,"name":"Shaded","section":"Shading Mode"},"sceneLighting":true,"audioPlay":false,"sceneViewState":{"m_AlwaysRefresh":true,"showFog":true,"showSkybox":true,"showFlares":true,"showImageEffects":true,"showParticleSystems":true,"showVisualEffectGraphs":true,"m_FxEnabled":true},"in2DMode":false,"pivot":{"x":56.9024658203125,"y":-17.395423889160158,"z":-124.56185150146485},"rotation":{"x":0.032564789056777957,"y":0.9674356579780579,"z":-0.18445058166980744,"w":0.1706700474023819},"size":119.88128662109375,"orthographic":false}